FORMATION_DATE,BLOCK_TYPE,SELECTED_PAIR_NUMBER,PAIR_ID,COMPANY_A,COMPANY_B,SSD,SSD_RANK,FORMATION_START,FORMATION_END,FORMATION_OBSERVATIONS,NORMALIZATION_ANCHOR_DATE,ANCHOR_TRI_A,ANCHOR_TRI_B,FORMATION_SEGMENT_A,FORMATION_SEGMENT_B,FORMATION_SPREAD_MEAN,FORMATION_SPREAD_STD_DDOF1,ENTRY_Z,UPPER_ENTRY_SPREAD,LOWER_ENTRY_SPREAD,EXIT_SPREAD,TRADING_START,TRADING_END,STRUCTURAL_BREAK_DATE_IN_TRADING,EFFECTIVE_LAST_COMMON_TRADING_DATE,FORCED_EXIT_REASON_IF_STILL_OPEN,MAX_FORMATION_NORMALIZATION_ERROR_A,MAX_FORMATION_NORMALIZATION_ERROR_B,PAIR_GROSS_CAPITAL_WEIGHT,ABS_WEIGHT_PER_LEG
2017-01-31,DEVELOPMENT,1,LUPIN__SUNPHARMA,LUPIN,SUNPHARMA,1.3732571468807633,1,2016-02-01,2017-01-31,248,2016-02-01,92.2666305378675,106.95849426767212,LUPIN_SEG1,SUNPHARMA_SEG1,0.04500914066603392,0.05937778270467218,2.0,0.16376470607537827,-0.07374642474331045,0.04500914066603392,2017-02-01,2017-07-31,,2017-07-31,WINDOW_END,2.220446049250313e-16,2.220446049250313e-16,0.25,0.125
2017-01-31,DEVELOPMENT,2,GLENMARK__ZYDUS,GLENMARK,ZYDUS,1.5161066328346036,2,2016-02-01,2017-01-31,248,2016-02-01,86.17050067659001,95.79200480913735,GLENMARK_SEG1,ZYDUS_SEG1,-0.054954052886156346,0.05573068360693611,2.0,0.05650731432771587,-0.16641542010002858,-0.054954052886156346,2017-02-01,2017-07-31,,2017-07-31,WINDOW_END,2.220446049250313e-16,2.220446049250313e-16,0.25,0.125
2017-01-31,DEVELOPMENT,3,AUROPHARMA__CIPLA,AUROPHARMA,CIPLA,1.8774791024270792,3,2016-02-01,2017-01-31,248,2016-02-01,90.87814840027232,91.47020675974672,AUROPHARMA_SEG1,CIPLA_SEG1,0.0313262038373731,0.08133772754564782,2.0,0.19400165892866872,-0.13134925125392255,0.0313262038373731,2017-02-01,2017-07-31,,2017-07-31,WINDOW_END,2.220446049250313e-16,2.220446049250313e-16,0.25,0.125
2017-01-31,DEVELOPMENT,4,DIVISLAB__DRREDDY,DIVISLAB,DRREDDY,5.345981390130017,14,2016-02-01,2017-01-31,248,2016-02-01,98.23225806451616,98.13099144309338,DIVISLAB_SEG1,DRREDDY_SEG1,-0.052643054163278864,0.1373358598432392,2.0,0.22202866552319955,-0.32731477384975727,-0.052643054163278864,2017-02-01,2017-07-31,,2017-07-31,WINDOW_END,2.220446049250313e-16,2.220446049250313e-16,0.25,0.125
2017-07-31,DEVELOPMENT,1,LUPIN__SUNPHARMA,LUPIN,SUNPHARMA,0.6705089798643824,1,2016-08-01,2017-07-31,248,2016-08-01,93.85499867356936,102.46459444546612,LUPIN_SEG1,SUNPHARMA_SEG1,0.01355937657855317,0.050299206775364494,2.0,0.11415779012928216,-0.08703903697217581,0.01355937657855317,2017-08-01,2018-01-31,,2018-01-31,WINDOW_END,1.1102230246251565e-16,1.1102230246251565e-16,0.25,0.125
2017-07-31,DEVELOPMENT,2,AUROPHARMA__DRREDDY,AUROPHARMA,DRREDDY,2.548817082103208,3,2016-08-01,2017-07-31,248,2016-08-01,89.5516967772576,96.4166508798019,AUROPHARMA_SEG1,DRREDDY_SEG1,-0.07762159733958342,0.06534211472963579,2.0,0.05306263211968816,-0.208305826798855,-0.07762159733958342,2017-08-01,2018-01-31,,2018-01-31,WINDOW_END,2.220446049250313e-16,2.220446049250313e-16,0.25,0.125
2017-07-31,DEVELOPMENT,3,CIPLA__GLENMARK,CIPLA,GLENMARK,4.932889672885239,7,2016-08-01,2017-07-31,248,2016-08-01,79.96490424963761,92.72530446549396,CIPLA_SEG1,GLENMARK_SEG1,0.10053530399325537,0.09911077371769353,2.0,0.29875685142864244,-0.09768624344213168,0.10053530399325537,2017-08-01,2018-01-31,,2018-01-31,WINDOW_END,2.220446049250313e-16,2.220446049250313e-16,0.25,0.125
2017-07-31,DEVELOPMENT,4,PEL__ZYDUS,PEL,ZYDUS,7.702281555715599,10,2016-08-01,2017-07-31,248,2016-08-01,163.21858720852384,107.01656703291798,PEL_SEG1,ZYDUS_SEG1,0.07244727171427351,0.1609766117666847,2.0,0.3944004952476429,-0.2495059518190959,0.07244727171427351,2017-08-01,2018-01-31,,2018-01-31,WINDOW_END,2.220446049250313e-16,2.220446049250313e-16,0.25,0.125
2018-01-31,DEVELOPMENT,1,GLENMARK__LUPIN,GLENMARK,LUPIN,0.7949839587910638,1,2017-02-01,2018-01-31,249,2017-02-01,97.44887522828274,80.23409026282872,GLENMARK_SEG1,LUPIN_SEG1,0.015640267193658065,0.054405662925597974,2.0,0.12445159304485401,-0.09317105865753789,0.015640267193658065,2018-02-01,2018-07-31,,2018-07-31,WINDOW_END,2.220446049250313e-16,2.220446049250313e-16,0.25,0.125
2018-01-31,DEVELOPMENT,2,AUROPHARMA__CIPLA,AUROPHARMA,CIPLA,1.317380772604194,2,2017-02-01,2018-01-31,249,2017-02-01,76.06654110928147,87.61077160612669,AUROPHARMA_SEG1,CIPLA_SEG1,0.009862910049737321,0.07221045633269724,2.0,0.1542838227151318,-0.13455800261565715,0.009862910049737321,2018-02-01,2018-07-31,,2018-07-31,WINDOW_END,2.220446049250313e-16,2.220446049250313e-16,0.25,0.125
2018-01-31,DEVELOPMENT,3,DRREDDY__SUNPHARMA,DRREDDY,SUNPHARMA,2.9477016694412708,3,2017-02-01,2018-01-31,249,2017-02-01,97.08627834942509,76.79776195688525,DRREDDY_SEG1,SUNPHARMA_SEG1,-0.08309240686120763,0.07038256628729916,2.0,0.0576727257133907,-0.22385753943580594,-0.08309240686120763,2018-02-01,2018-07-31,,2018-07-31,WINDOW_END,2.220446049250313e-16,2.220446049250313e-16,0.25,0.125
2018-01-31,DEVELOPMENT,4,PEL__ZYDUS,PEL,ZYDUS,15.964810301664055,12,2017-02-01,2018-01-31,249,2017-02-01,172.86031918067746,106.8193434191629,PEL_SEG1,ZYDUS_SEG1,0.1760420135715764,0.18236908093185622,2.0,0.5407801754352888,-0.18869614829213605,0.1760420135715764,2018-02-01,2018-07-31,,2018-07-31,WINDOW_END,2.220446049250313e-16,2.220446049250313e-16,0.25,0.125
2018-07-31,DEVELOPMENT,1,DRREDDY__PEL,DRREDDY,PEL,0.7974812062837169,1,2017-08-01,2018-07-31,250,2017-08-01,79.24183349708893,300.4656952525233,DRREDDY_SEG1,PEL_SEG1,0.018684928490137205,0.05340605865308499,2.0,0.1254970457963072,-0.08812718881603276,0.018684928490137205,2018-08-01,2019-01-31,,2019-01-31,WINDOW_END,1.1102230246251565e-16,1.1102230246251565e-16,0.25,0.125
2018-07-31,DEVELOPMENT,2,CIPLA__SUNPHARMA,CIPLA,SUNPHARMA,1.07739619148576,2,2017-08-01,2018-07-31,250,2017-08-01,86.42478650780356,65.53376282085424,CIPLA_SEG1,SUNPHARMA_SEG1,0.05126014429511933,0.0410942492579544,2.0,0.13344864281102814,-0.030928354220789468,0.05126014429511933,2018-08-01,2019-01-31,,2019-01-31,WINDOW_END,2.220446049250313e-16,2.220446049250313e-16,0.25,0.125
2018-07-31,DEVELOPMENT,3,AUROPHARMA__LUPIN,AUROPHARMA,LUPIN,1.0828142192305363,3,2017-08-01,2018-07-31,250,2017-08-01,83.81239525697683,55.76750485367681,AUROPHARMA_SEG1,LUPIN_SEG1,0.0323514362208394,0.05742676016023464,2.0,0.14720495654130866,-0.08250208409962988,0.0323514362208394,2018-08-01,2019-01-31,,2019-01-31,WINDOW_END,2.220446049250313e-16,2.220446049250313e-16,0.25,0.125
2018-07-31,DEVELOPMENT,4,GLENMARK__ZYDUS,GLENMARK,ZYDUS,1.3169101058135904,6,2017-08-01,2018-07-31,250,2017-08-01,75.94609724778807,165.2303083098806,GLENMARK_SEG1,ZYDUS_SEG1,0.039766603525688206,0.06083635356384259,2.0,0.16143931065337339,-0.08190610360199699,0.039766603525688206,2018-08-01,2019-01-31,,2019-01-31,WINDOW_END,1.1102230246251565e-16,2.220446049250313e-16,0.25,0.125
2019-01-31,DEVELOPMENT,1,AUROPHARMA__DRREDDY,AUROPHARMA,DRREDDY,0.9615474712443332,1,2018-02-01,2019-01-31,247,2018-02-01,69.89520837247483,70.325477409489,AUROPHARMA_SEG1,DRREDDY_SEG1,0.012550796962828879,0.06124187062882623,2.0,0.13503453822048134,-0.10993294429482359,0.012550796962828879,2019-02-01,2019-07-31,,2019-07-31,WINDOW_END,2.220446049250313e-16,2.220446049250313e-16,0.25,0.125
2019-01-31,DEVELOPMENT,2,CIPLA__SUNPHARMA,CIPLA,SUNPHARMA,1.1507769166732629,2,2018-02-01,2019-01-31,247,2018-02-01,90.20476650263332,68.50762397253422,CIPLA_SEG1,SUNPHARMA_SEG1,0.03414736746353392,0.059221383217060906,2.0,0.15259013389765574,-0.0842953989705879,0.03414736746353392,2019-02-01,2019-07-31,,2019-07-31,WINDOW_END,2.220446049250313e-16,2.220446049250313e-16,0.25,0.125
2019-01-31,DEVELOPMENT,3,BIOCON__LUPIN,BIOCON,LUPIN,1.2642522642745715,3,2018-02-01,2019-01-31,247,2018-02-01,361.0857917444697,47.13858058365607,BIOCON_SEG1,LUPIN_SEG1,0.02853987028474023,0.06573736819197928,2.0,0.1600146066686988,-0.10293486609921834,0.02853987028474023,2019-02-01,2019-07-31,,2019-07-31,WINDOW_END,2.220446049250313e-16,2.220446049250313e-16,0.25,0.125
2019-01-31,DEVELOPMENT,4,PEL__ZYDUS,PEL,ZYDUS,1.3217451655143853,4,2018-02-01,2019-01-31,247,2018-02-01,280.8974934979684,127.63976373924277,PEL_SEG1,ZYDUS_SEG1,-0.0026624440820692905,0.0732518286687946,2.0,0.1438412132555199,-0.14916610141965847,-0.0026624440820692905,2019-02-01,2019-07-31,,2019-07-31,WINDOW_END,2.220446049250313e-16,1.1102230246251565e-16,0.25,0.125
2019-07-31,DEVELOPMENT,1,BIOCON__GLENMARK,BIOCON,GLENMARK,1.0442567682576107,1,2018-08-01,2019-07-31,245,2018-08-01,340.8295637849768,63.68002678936547,BIOCON_SEG1,GLENMARK_SEG1,-0.010212196654522273,0.06461442934230385,2.0,0.11901666203008543,-0.13944105533912998,-0.010212196654522273,2019-08-01,2020-01-31,,2020-01-31,WINDOW_END,2.220446049250313e-16,2.220446049250313e-16,0.25,0.125
2019-07-31,DEVELOPMENT,2,CIPLA__SUNPHARMA,CIPLA,SUNPHARMA,2.5954629153336466,4,2018-08-01,2019-07-31,245,2018-08-01,98.2103338900572,71.02274240630851,CIPLA_SEG1,SUNPHARMA_SEG1,0.043198386249440716,0.09361300426703237,2.0,0.23042439478350546,-0.144027622284624,0.043198386249440716,2019-08-01,2020-01-31,,2020-01-31,WINDOW_END,2.220446049250313e-16,2.220446049250313e-16,0.25,0.125
2019-07-31,DEVELOPMENT,3,PEL__ZYDUS,PEL,ZYDUS,2.985923445482477,5,2018-08-01,2019-07-31,245,2018-08-01,289.57566919046553,116.42792745282593,PEL_SEG1,ZYDUS_SEG1,-0.03365329378152601,0.10535751237167025,2.0,0.1770617309618145,-0.2443683185248665,-0.03365329378152601,2019-08-01,2020-01-31,,2020-01-31,WINDOW_END,2.220446049250313e-16,2.220446049250313e-16,0.25,0.125
2019-07-31,DEVELOPMENT,4,AUROPHARMA__DRREDDY,AUROPHARMA,DRREDDY,3.321855008299863,8,2018-08-01,2019-07-31,245,2018-08-01,68.69941015856519,71.5811591339679,AUROPHARMA_SEG1,DRREDDY_SEG1,0.004985891040727614,0.11657271927434482,2.0,0.23813132958941724,-0.22815954750796202,0.004985891040727614,2019-08-01,2020-01-31,,2020-01-31,WINDOW_END,2.220446049250313e-16,2.220446049250313e-16,0.25,0.125
2020-01-31,DEVELOPMENT,1,BIOCON__ZYDUS,BIOCON,ZYDUS,0.9340446092670806,1,2019-02-01,2020-01-31,245,2019-02-01,389.2649299249866,99.80417834101854,BIOCON_SEG1,ZYDUS_SEG1,-0.01575302392242152,0.05982371498505128,2.0,0.10389440604768103,-0.1354004538925241,-0.01575302392242152,2020-02-03,2020-07-31,,2020-07-31,WINDOW_END,1.1102230246251565e-16,2.220446049250313e-16,0.25,0.125
2020-01-31,DEVELOPMENT,2,DRREDDY__SUNPHARMA,DRREDDY,SUNPHARMA,0.9651113695657662,2,2019-02-01,2020-01-31,245,2019-02-01,91.8329321288266,52.47265831034505,DRREDDY_SEG1,SUNPHARMA_SEG1,-0.029140645891840396,0.05570203755552755,2.0,0.0822634292192147,-0.1405447210028955,-0.029140645891840396,2020-02-03,2020-07-31,,2020-07-31,WINDOW_END,2.220446049250313e-16,2.220446049250313e-16,0.25,0.125
2020-01-31,DEVELOPMENT,3,AUROPHARMA__GLENMARK,AUROPHARMA,GLENMARK,2.4171190401891587,4,2019-02-01,2020-01-31,245,2019-02-01,91.53968221652288,72.27272117736143,AUROPHARMA_SEG1,GLENMARK_SEG1,0.06980827166064082,0.0708029566649276,2.0,0.21141418499049602,-0.07179764166921437,0.06980827166064082,2020-02-03,2020-07-31,,2020-07-31,WINDOW_END,2.220446049250313e-16,1.1102230246251565e-16,0.25,0.125
2020-01-31,DEVELOPMENT,4,CIPLA__PEL,CIPLA,PEL,3.872609516087953,9,2019-02-01,2020-01-31,245,2019-02-01,80.4919598266331,222.4004703011829,CIPLA_SEG1,PEL_SEG1,0.050567502990257016,0.11534209254366766,2.0,0.2812516880775923,-0.18011668209707832,0.050567502990257016,2020-02-03,2020-07-31,,2020-07-31,WINDOW_END,2.220446049250313e-16,2.220446049250313e-16,0.25,0.125
2020-07-31,DEVELOPMENT,1,LUPIN__SUNPHARMA,LUPIN,SUNPHARMA,0.5271095907577119,1,2019-08-01,2020-07-31,245,2019-08-01,42.113925378540976,52.70201310744868,LUPIN_SEG1,SUNPHARMA_SEG1,-0.018099137552953996,0.04279443762778515,2.0,0.06748973770261629,-0.1036880128085243,-0.018099137552953996,2020-08-03,2021-01-29,,2021-01-29,WINDOW_END,2.220446049250313e-16,2.220446049250313e-16,0.25,0.125
2020-07-31,DEVELOPMENT,2,DRREDDY__ZYDUS,DRREDDY,ZYDUS,0.6439923950906837,2,2019-08-01,2020-07-31,245,2019-08-01,83.99561145712666,70.85624897356948,DRREDDY_SEG1,ZYDUS_SEG1,0.012482101468565229,0.049828422624671936,2.0,0.1121389467179091,-0.08717474378077865,0.012482101468565229,2020-08-03,2021-01-29,,2021-01-29,WINDOW_END,2.220446049250313e-16,2.220446049250313e-16,0.25,0.125
2020-07-31,DEVELOPMENT,3,DIVISLAB__TORNTPHARM,DIVISLAB,TORNTPHARM,0.7699619586263874,3,2019-08-01,2020-07-31,245,2019-08-01,143.08360127433684,119.55273534041632,DIVISLAB_SEG1,TORNTPHARM_SEG1,0.01486591609540716,0.054163462012592284,2.0,0.12319284012059173,-0.0934610079297774,0.01486591609540716,2020-08-03,2021-01-29,,2021-01-29,WINDOW_END,2.220446049250313e-16,2.220446049250313e-16,0.25,0.125
2020-07-31,DEVELOPMENT,4,AUROPHARMA__CIPLA,AUROPHARMA,CIPLA,4.3433579126184885,12,2019-08-01,2020-07-31,245,2019-08-01,63.28520583941163,79.57336206679155,AUROPHARMA_SEG1,CIPLA_SEG1,0.03810753844845635,0.12783783133524018,2.0,0.29378320111893674,-0.217568124222024,0.03810753844845635,2020-08-03,2021-01-29,,2021-01-29,WINDOW_END,2.220446049250313e-16,2.220446049250313e-16,0.25,0.125
2021-01-29,DEVELOPMENT,1,BIOCON__TORNTPHARM,BIOCON,TORNTPHARM,2.6792698798507475,2,2020-02-01,2021-01-29,248,2020-02-03,349.467748566155,136.62657763197294,BIOCON_SEG1,TORNTPHARM_SEG1,-0.03342885263579465,0.09861660126421179,2.0,0.16380434989262893,-0.23066205516421823,-0.03342885263579465,2021-02-01,2021-07-30,,2021-07-30,WINDOW_END,2.220446049250313e-16,2.220446049250313e-16,0.25,0.125
2021-01-29,DEVELOPMENT,2,LUPIN__SUNPHARMA,LUPIN,SUNPHARMA,3.10947391222964,5,2020-02-01,2021-01-29,248,2020-02-03,39.317611777225565,52.10421686034259,LUPIN_SEG1,SUNPHARMA_SEG1,0.07380789174834014,0.0843759636541674,2.0,0.24255981905667495,-0.09494403555999466,0.07380789174834014,2021-02-01,2021-07-30,,2021-07-30,WINDOW_END,2.220446049250313e-16,2.220446049250313e-16,0.25,0.125
2021-01-29,DEVELOPMENT,3,DRREDDY__ZYDUS,DRREDDY,ZYDUS,3.833639473575343,7,2020-02-01,2021-01-29,248,2020-02-03,104.23080483983212,81.53321799698395,DRREDDY_SEG1,ZYDUS_SEG1,-0.0924702306652637,0.08327932295030574,2.0,0.07408841523534777,-0.2590288765658752,-0.0924702306652637,2021-02-01,2021-07-30,,2021-07-30,WINDOW_END,2.220446049250313e-16,4.440892098500626e-16,0.25,0.125
2021-01-29,DEVELOPMENT,4,AUROPHARMA__CIPLA,AUROPHARMA,CIPLA,4.972607749135381,10,2020-02-01,2021-01-29,248,2020-02-03,54.5817561270461,69.02983336284933,AUROPHARMA_SEG1,CIPLA_SEG1,0.07027583595828932,0.12318006068379325,2.0,0.3166359573258758,-0.1760842854092972,0.07027583595828932,2021-02-01,2021-07-30,,2021-07-30,WINDOW_END,4.440892098500626e-16,4.440892098500626e-16,0.25,0.125
2021-07-30,DEVELOPMENT,1,ALKEM__AUROPHARMA,ALKEM,AUROPHARMA,1.079529507647253,1,2020-08-01,2021-07-30,249,2020-08-03,193.05513916829187,100.27286880339092,ALKEM_SEG1,AUROPHARMA_SEG1,0.0059803123638264835,0.06570413394071294,2.0,0.13738858024525236,-0.1254279555175994,0.0059803123638264835,2021-08-02,2022-01-31,,2022-01-31,WINDOW_END,2.220446049250313e-16,2.220446049250313e-16,0.25,0.125
2021-07-30,DEVELOPMENT,2,CIPLA__SUNPHARMA,CIPLA,SUNPHARMA,1.1639807881915865,3,2020-08-01,2021-07-30,249,2020-08-03,111.4886804311556,65.28973170185516,CIPLA_SEG1,SUNPHARMA_SEG1,0.024231702955009978,0.06406190638103337,2.0,0.15235551571707673,-0.10389210980705677,0.024231702955009978,2021-08-02,2022-01-31,,2022-01-31,WINDOW_END,2.220446049250313e-16,2.220446049250313e-16,0.25,0.125
2021-07-30,DEVELOPMENT,3,BIOCON__TORNTPHARM,BIOCON,TORNTPHARM,1.711009168399262,6,2020-08-01,2021-07-30,249,2020-08-03,482.2303706345041,198.9826196806528,BIOCON_SEG1,TORNTPHARM_SEG1,0.005881649248221962,0.0828522614582087,2.0,0.17158617216463937,-0.15982287366819545,0.005881649248221962,2021-08-02,2022-01-31,,2022-01-31,WINDOW_END,2.220446049250313e-16,2.220446049250313e-16,0.25,0.125
2021-07-30,DEVELOPMENT,4,DRREDDY__LUPIN,DRREDDY,LUPIN,2.046656923876178,8,2020-08-01,2021-07-30,249,2020-08-03,151.05039673531817,51.801154640240846,DRREDDY_SEG1,LUPIN_SEG1,-0.033989284871255576,0.08421828214688165,2.0,0.13444727942250773,-0.20242584916501888,-0.033989284871255576,2021-08-02,2022-01-31,,2022-01-31,WINDOW_END,2.220446049250313e-16,2.220446049250313e-16,0.25,0.125
2022-01-31,DEVELOPMENT,1,CIPLA__DRREDDY,CIPLA,DRREDDY,1.0024487092126706,1,2021-02-01,2022-01-31,248,2021-02-01,126.55471832725787,147.73742709549504,CIPLA_SEG1,DRREDDY_SEG1,0.0279153476434557,0.05723700934476689,2.0,0.1423893663329895,-0.08655867104607808,0.0279153476434557,2022-02-01,2022-07-29,,2022-07-29,WINDOW_END,2.220446049250313e-16,2.220446049250313e-16,0.25,0.125
2022-01-31,DEVELOPMENT,2,IPCALAB__PFIZER,IPCALAB,PFIZER,1.235053643152496,2,2021-02-01,2022-01-31,248,2021-02-01,256.41942483014265,210.2306034999132,IPCALAB_SEG1,PFIZER_SEG1,-0.01211746800420933,0.0696619672576804,2.0,0.12720646651115147,-0.1514414025195701,-0.01211746800420933,2022-02-01,2022-07-29,,2022-07-29,WINDOW_END,2.220446049250313e-16,2.220446049250313e-16,0.25,0.125
2022-01-31,DEVELOPMENT,3,ABBOTINDIA__DIVISLAB,ABBOTINDIA,DIVISLAB,1.2423712904427382,3,2021-02-01,2022-01-31,248,2021-02-01,252.11090984895117,312.34530222559533,ABBOTINDIA_SEG1,DIVISLAB_SEG1,-0.037489910112418576,0.060155296228913094,2.0,0.08282068234540761,-0.15780050257024475,-0.037489910112418576,2022-02-01,2022-07-29,,2022-07-29,WINDOW_END,2.220446049250313e-16,2.220446049250313e-16,0.25,0.125
2022-01-31,DEVELOPMENT,4,APLLTD__AUROPHARMA,APLLTD,AUROPHARMA,1.2866897832501698,4,2021-02-01,2022-01-31,248,2021-02-01,146.10035953539406,106.90776658069746,APLLTD_SEG1,AUROPHARMA_SEG1,0.01391185664605087,0.07081629092538151,2.0,0.1555444384968139,-0.12772072520471214,0.01391185664605087,2022-02-01,2022-07-29,,2022-07-29,WINDOW_END,2.220446049250313e-16,2.220446049250313e-16,0.25,0.125
2022-07-29,DEVELOPMENT,1,DRREDDY__TORNTPHARM,DRREDDY,TORNTPHARM,0.5168275503726019,1,2021-08-01,2022-07-29,249,2021-08-02,157.57711577175607,227.26585595060524,DRREDDY_SEG1,TORNTPHARM_SEG1,0.0009102323492560042,0.045641540226050034,2.0,0.09219331280135608,-0.09037284810284406,0.0009102323492560042,2022-08-01,2023-01-31,,2023-01-31,WINDOW_END,2.220446049250313e-16,2.220446049250313e-16,0.25,0.125
2022-07-29,DEVELOPMENT,2,ALKEM__IPCALAB,ALKEM,IPCALAB,0.6230596579255139,2,2021-08-01,2022-07-29,249,2021-08-02,243.233534489188,287.15668882648754,ALKEM_SEG1,IPCALAB_SEG1,-0.0021011754953492974,0.05007898351315987,2.0,0.09805679153097044,-0.10225914252166904,-0.0021011754953492974,2022-08-01,2023-01-31,,2023-01-31,WINDOW_END,2.220446049250313e-16,2.220446049250313e-16,0.25,0.125
2022-07-29,DEVELOPMENT,3,GLENMARK__GRANULES,GLENMARK,GRANULES,0.7105847038067785,3,2021-08-01,2022-07-29,249,2021-08-02,66.84235560638669,265.06698795663294,GLENMARK_SEG1,GRANULES_SEG1,-0.020837513920814274,0.04928801174307265,2.0,0.07773850956533103,-0.11941353740695958,-0.020837513920814274,2022-08-01,2023-01-31,,2023-01-31,WINDOW_END,1.1102230246251565e-16,1.1102230246251565e-16,0.25,0.125
2022-07-29,DEVELOPMENT,4,AUROPHARMA__LUPIN,AUROPHARMA,LUPIN,0.796853078853766,5,2021-08-01,2022-07-29,249,2021-08-02,106.7289104456299,63.14664726829943,AUROPHARMA_SEG1,LUPIN_SEG1,-0.011464707451453015,0.0555080871445143,2.0,0.09955146683757558,-0.12248088174048162,-0.011464707451453015,2022-08-01,2023-01-31,,2023-01-31,WINDOW_END,1.1102230246251565e-16,1.1102230246251565e-16,0.25,0.125
2023-01-31,DEVELOPMENT,1,ALKEM__IPCALAB,ALKEM,IPCALAB,0.6160215981719693,1,2022-02-01,2023-01-31,249,2022-02-01,246.7166356976606,284.6589961473259,ALKEM_SEG1,IPCALAB_SEG1,0.009266015537795196,0.04896685417071443,2.0,0.10719972387922407,-0.08866769280363367,0.009266015537795196,2023-02-01,2023-07-31,,2023-07-31,WINDOW_END,2.220446049250313e-16,2.220446049250313e-16,0.25,0.125
2023-01-31,DEVELOPMENT,2,CIPLA__TORNTPHARM,CIPLA,TORNTPHARM,0.725833403557421,2,2022-02-01,2023-01-31,249,2022-02-01,149.33441647104618,197.8857038510212,CIPLA_SEG1,TORNTPHARM_SEG1,-0.03118982090493423,0.04415903153819465,2.0,0.05712824217145507,-0.11950788398132353,-0.03118982090493423,2023-02-01,2023-07-31,,2023-07-31,WINDOW_END,2.220446049250313e-16,2.220446049250313e-16,0.25,0.125
2023-01-31,DEVELOPMENT,3,AUROPHARMA__BIOCON,AUROPHARMA,BIOCON,0.9676985215531196,5,2022-02-01,2023-01-31,249,2022-02-01,76.75135298377765,440.37619304240974,AUROPHARMA_SEG1,BIOCON_SEG1,0.013977227368576576,0.060875771281124834,2.0,0.13572876993082625,-0.10777431519367309,0.013977227368576576,2023-02-01,2023-07-31,,2023-07-31,WINDOW_END,2.220446049250313e-16,2.220446049250313e-16,0.25,0.125
2023-01-31,DEVELOPMENT,4,GLENMARK__LUPIN,GLENMARK,LUPIN,1.1019156962233392,6,2022-02-01,2023-01-31,249,2022-02-01,54.8320847239677,50.77849807685661,GLENMARK_SEG1,LUPIN_SEG1,0.05602897532773046,0.035934720340229084,2.0,0.12789841600818863,-0.015840465352727706,0.05602897532773046,2023-02-01,2023-07-31,,2023-07-31,WINDOW_END,2.220446049250313e-16,1.1102230246251565e-16,0.25,0.125
2023-07-31,DEVELOPMENT,1,CIPLA__GRANULES,CIPLA,GRANULES,0.627209749795287,1,2022-08-01,2023-07-31,247,2022-08-01,158.51002542898266,211.42546222894305,CIPLA_SEG1,GRANULES_SEG1,9.776398748165373e-05,0.05049379697149989,2.0,0.10108535793048143,-0.10088982995551812,9.776398748165373e-05,2023-08-01,2024-01-31,,2024-01-31,WINDOW_END,2.220446049250313e-16,2.220446049250313e-16,0.25,0.125
2023-07-31,DEVELOPMENT,2,DRREDDY__TORNTPHARM,DRREDDY,TORNTPHARM,0.7521978363846253,2,2022-08-01,2023-07-31,247,2022-08-01,138.68404714745097,227.47308089992816,DRREDDY_SEG1,TORNTPHARM_SEG1,0.028795957119830528,0.04717135650843942,2.0,0.12313867013670937,-0.06554675589704831,0.028795957119830528,2023-08-01,2024-01-31,,2024-01-31,WINDOW_END,2.220446049250313e-16,2.220446049250313e-16,0.25,0.125
2023-07-31,DEVELOPMENT,3,ABBOTINDIA__ALKEM,ABBOTINDIA,ALKEM,1.1450163296655669,4,2022-08-01,2023-07-31,247,2022-08-01,367.9374092306118,226.75738350440523,ABBOTINDIA_SEG1,ALKEM_SEG1,0.013832871266027658,0.06680128561096535,2.0,0.14743544248795837,-0.11976969995590304,0.013832871266027658,2023-08-01,2024-01-31,,2024-01-31,WINDOW_END,2.220446049250313e-16,2.220446049250313e-16,0.25,0.125
2023-07-31,DEVELOPMENT,4,BIOCON__IPCALAB,BIOCON,IPCALAB,1.2753009925507093,6,2022-08-01,2023-07-31,247,2022-08-01,362.5816247788962,273.7258738915591,BIOCON_SEG1,IPCALAB_SEG1,4.342621544469023e-05,0.07200103112261799,2.0,0.1440454884606807,-0.14395863602979128,4.342621544469023e-05,2023-08-01,2024-01-31,,2024-01-31,WINDOW_END,2.220446049250313e-16,1.1102230246251565e-16,0.25,0.125
2024-01-31,DEVELOPMENT,1,BIOCON__DIVISLAB,BIOCON,DIVISLAB,1.1231386575126925,2,2023-02-01,2024-01-31,246,2023-02-01,281.0828443062788,306.2617751911077,BIOCON_SEG1,DIVISLAB_SEG1,-0.009436071955348015,0.06704354210608213,2.0,0.12465101225681624,-0.14352315616751227,-0.009436071955348015,2024-02-01,2024-07-31,,2024-07-31,WINDOW_END,2.220446049250313e-16,2.220446049250313e-16,0.25,0.125
2024-01-31,DEVELOPMENT,2,CIPLA__LAURUSLABS,CIPLA,LAURUSLABS,1.1234308687391503,3,2023-02-01,2024-01-31,246,2023-02-01,163.64018354217046,357.5982316063384,CIPLA_SEG1,LAURUSLABS_SEG1,-0.013562030575020636,0.06633816936504966,2.0,0.11911430815507869,-0.14623836930511996,-0.013562030575020636,2024-02-01,2024-07-31,,2024-07-31,WINDOW_END,2.220446049250313e-16,2.220446049250313e-16,0.25,0.125
2024-01-31,DEVELOPMENT,3,GRANULES__SUNPHARMA,GRANULES,SUNPHARMA,1.1960802824515928,5,2023-02-01,2024-01-31,246,2023-02-01,202.53211383416647,130.7395619302234,GRANULES_SEG1,SUNPHARMA_SEG1,0.029766481806406498,0.06318465314910572,2.0,0.15613578810461795,-0.09660282449180495,0.029766481806406498,2024-02-01,2024-07-31,,2024-07-31,WINDOW_END,2.220446049250313e-16,2.220446049250313e-16,0.25,0.125
2024-01-31,DEVELOPMENT,4,ALKEM__TORNTPHARM,ALKEM,TORNTPHARM,2.263022222767288,13,2023-02-01,2024-01-31,246,2023-02-01,214.0706278486877,228.9864370242913,ALKEM_SEG1,TORNTPHARM_SEG1,0.0356908187958244,0.08920645452014635,2.0,0.21410372783611709,-0.1427220902444683,0.0356908187958244,2024-02-01,2024-07-31,,2024-07-31,WINDOW_END,2.220446049250313e-16,2.220446049250313e-16,0.25,0.125
2024-07-31,OOS,1,ABBOTINDIA__DRREDDY,ABBOTINDIA,DRREDDY,0.640279320983205,1,2023-08-01,2024-07-31,245,2023-08-01,440.67193371323714,192.68328436981685,ABBOTINDIA_SEG1,DRREDDY_SEG1,0.012795257723032815,0.04959542297076974,2.0,0.1119861036645723,-0.08639558821850667,0.012795257723032815,2024-08-01,2025-01-31,,2025-01-31,WINDOW_END,2.220446049250313e-16,2.220446049250313e-16,0.25,0.125
2024-07-31,OOS,2,SUNPHARMA__TORNTPHARM,SUNPHARMA,TORNTPHARM,1.0275260546135287,2,2023-08-01,2024-07-31,245,2023-08-01,148.91128882811932,299.72237478018894,SUNPHARMA_SEG1,TORNTPHARM_SEG1,-0.012074356644707235,0.06375566458149162,2.0,0.115436972518276,-0.13958568580769048,-0.012074356644707235,2024-08-01,2025-01-31,,2025-01-31,WINDOW_END,2.220446049250313e-16,2.220446049250313e-16,0.25,0.125
2024-07-31,OOS,3,BIOCON__DIVISLAB,BIOCON,DIVISLAB,1.3166302103385168,3,2023-08-01,2024-07-31,245,2023-08-01,301.7341982896739,332.04931135083086,BIOCON_SEG1,DIVISLAB_SEG1,0.020578985253639846,0.07050386644994244,2.0,0.16158671815352474,-0.12042874764624503,0.020578985253639846,2024-08-01,2025-01-31,,2025-01-31,WINDOW_END,2.220446049250313e-16,2.220446049250313e-16,0.25,0.125
2024-07-31,OOS,4,CIPLA__LAURUSLABS,CIPLA,LAURUSLABS,1.546398464296909,4,2023-08-01,2024-07-31,245,2023-08-01,188.35128183136223,384.88414158346006,CIPLA_SEG1,LAURUSLABS_SEG1,-0.0012049796159756788,0.07960050689268221,2.0,0.15799603416938873,-0.1604059934013401,-0.0012049796159756788,2024-08-01,2025-01-31,,2025-01-31,WINDOW_END,2.220446049250313e-16,2.220446049250313e-16,0.25,0.125
2025-01-31,OOS,1,ABBOTINDIA__DRREDDY,ABBOTINDIA,DRREDDY,0.5006364558204572,1,2024-02-01,2025-01-31,248,2024-02-01,476.4473565786762,203.7708906258049,ABBOTINDIA_SEG1,DRREDDY_SEG1,0.017483683424376482,0.04147229784505884,2.0,0.10042827911449416,-0.0654609122657412,0.017483683424376482,2025-02-03,2025-07-31,,2025-07-31,WINDOW_END,2.220446049250313e-16,2.220446049250313e-16,0.25,0.125
2025-01-31,OOS,2,SUNPHARMA__TORNTPHARM,SUNPHARMA,TORNTPHARM,0.8744272288453044,4,2024-02-01,2025-01-31,248,2024-02-01,183.35707648393085,379.6584152433703,SUNPHARMA_SEG1,TORNTPHARM_SEG1,-0.015522804187512621,0.05743046424870663,2.0,0.09933812430990065,-0.1303837326849259,-0.015522804187512621,2025-02-03,2025-07-31,,2025-07-31,WINDOW_END,2.220446049250313e-16,2.220446049250313e-16,0.25,0.125
2025-01-31,OOS,3,ALKEM__CIPLA,ALKEM,CIPLA,1.0404952570274824,5,2024-02-01,2025-01-31,248,2024-02-01,347.98251693654817,221.8064719593412,ALKEM_SEG1,CIPLA_SEG1,0.032707304124576134,0.056021715596523185,2.0,0.1447507353176225,-0.07933612706847024,0.032707304124576134,2025-02-03,2025-07-31,,2025-07-31,WINDOW_END,2.220446049250313e-16,2.220446049250313e-16,0.25,0.125
2025-01-31,OOS,4,IPCALAB__LUPIN,IPCALAB,LUPIN,2.109463311319634,11,2024-02-01,2025-01-31,248,2024-02-01,307.7349814639411,85.91747505793766,IPCALAB_SEG1,LUPIN_SEG1,-0.024858357648164103,0.08899380638432919,2.0,0.15312925512049427,-0.20284597041682248,-0.024858357648164103,2025-02-03,2025-07-31,,2025-07-31,WINDOW_END,2.220446049250313e-16,2.220446049250313e-16,0.25,0.125
2025-07-31,OOS,1,LUPIN__SUNPHARMA,LUPIN,SUNPHARMA,0.5116324748816545,1,2024-08-01,2025-07-31,249,2024-08-01,111.3527019217776,225.319252650577,LUPIN_SEG1,SUNPHARMA_SEG1,0.03262543141322129,0.0315328937273759,2.0,0.09569121886797309,-0.030440356041530517,0.03262543141322129,2025-08-01,2026-01-30,,2026-01-30,WINDOW_END,2.220446049250313e-16,2.220446049250313e-16,0.25,0.125
2025-07-31,OOS,2,BIOCON__TORNTPHARM,BIOCON,TORNTPHARM,1.1488430350789054,7,2024-08-01,2025-07-31,249,2024-08-01,419.01789532861466,489.402726454737,BIOCON_SEG1,TORNTPHARM_SEG1,-0.0397169272971481,0.055214460577819424,2.0,0.07071199385849075,-0.15014584845278695,-0.0397169272971481,2025-08-01,2026-01-30,,2026-01-30,WINDOW_END,2.220446049250313e-16,2.220446049250313e-16,0.25,0.125
2025-07-31,OOS,3,ALKEM__CIPLA,ALKEM,CIPLA,1.275978038087732,9,2024-08-01,2025-07-31,249,2024-08-01,380.2692133100209,247.14961765829463,ALKEM_SEG1,CIPLA_SEG1,0.02721832543824685,0.06634190416040445,2.0,0.15990213375905574,-0.10546548288256205,0.02721832543824685,2025-08-01,2026-01-30,,2026-01-30,WINDOW_END,2.220446049250313e-16,2.220446049250313e-16,0.25,0.125
2025-07-31,OOS,4,AUROPHARMA__GRANULES,AUROPHARMA,GRANULES,1.413425149773695,10,2024-08-01,2025-07-31,249,2024-08-01,170.91169803320832,441.9527626849617,AUROPHARMA_SEG1,GRANULES_SEG1,0.015336426939230503,0.07391306079609648,2.0,0.16316254853142348,-0.13248969465296245,0.015336426939230503,2025-08-01,2026-01-30,,2026-01-30,WINDOW_END,2.220446049250313e-16,2.220446049250313e-16,0.25,0.125
2026-01-30,OOS,1,LUPIN__SUNPHARMA,LUPIN,SUNPHARMA,0.3768874609383807,1,2025-02-01,2026-01-30,245,2025-02-03,115.85047660712752,228.65595333698388,LUPIN_SEG1,SUNPHARMA_SEG1,0.01134463263122369,0.0376217037117001,2.0,0.0865880400546239,-0.06389877479217651,0.01134463263122369,2026-02-02,2026-07-31,,2026-07-31,WINDOW_END,2.220446049250313e-16,2.220446049250313e-16,0.25,0.125
2026-01-30,OOS,2,DRREDDY__ZYDUS,DRREDDY,ZYDUS,0.822309581059385,5,2025-02-01,2026-01-30,245,2025-02-03,205.8900661915628,312.9108928912355,DRREDDY_SEG1,ZYDUS_SEG1,0.04505368007713986,0.03649613888058178,2.0,0.11804595783830342,-0.027938597684023694,0.04505368007713986,2026-02-02,2026-07-31,,2026-07-31,WINDOW_END,2.220446049250313e-16,2.220446049250313e-16,0.25,0.125
2026-01-30,OOS,3,CIPLA__DIVISLAB,CIPLA,DIVISLAB,0.9766968698570946,7,2025-02-01,2026-01-30,245,2025-02-03,228.99614205942532,544.4654535796019,CIPLA_SEG1,DIVISLAB_SEG1,-0.0013795237861161259,0.0632530247387091,2.0,0.12512652569130206,-0.12788557326353434,-0.0013795237861161259,2026-02-02,2026-07-31,,2026-07-31,WINDOW_END,2.220446049250313e-16,2.220446049250313e-16,0.25,0.125
2026-01-30,OOS,4,ALKEM__TORNTPHARM,ALKEM,TORNTPHARM,1.2375573376594278,12,2025-02-01,2026-01-30,245,2025-02-03,364.50704446309385,487.7310742116446,ALKEM_SEG1,TORNTPHARM_SEG1,-0.053333939229427474,0.047072172289814515,2.0,0.040810405350201556,-0.1474782838090565,-0.053333939229427474,2026-02-02,2026-07-31,,2026-07-31,WINDOW_END,2.220446049250313e-16,2.220446049250313e-16,0.25,0.125
